Nodes,Mean,Std,Min,Max,25%,50%,75%,95%,99%,
5N,1.075342105263158,0.7719666038854862,0.788,4.69,0.837,0.8625,0.884,3.124999999999984,4.69
10N,1.3112972972972976,0.853946633221803,0.98,5.98,1.03,1.09,1.18,2.8114999999999934,5.98
20N,2.0161206896551724,1.1955369903636028,1.63,8.98,1.67,1.73,1.81,3.2284999999999915,8.98
30N,2.3042248062015505,0.5380939663113699,1.95,5.5,2.1,2.2,2.34,2.62,5.5
40N,11.025689102564103,4.9177119697225375,2.19,18.1,7.727499999999999,11.649999999999999,15.225,17.5,18.0
50N,44.22226321036889,17.674354882752283,2.98,71.5,31.4,46.7,58.9,68.0,69.596
50N-200ms,7.437663817663817,8.606483384108996,4.45,57.5,5.3,5.52,5.9,16.85,57.5
