Nodes,Mean,Std,Min,Max,25%,50%,75%,95%,99%,
5N,14041.408450704226,1834.561291095151,1520.0,14700.0,14300.0,14400.0,14500.0,14600.0,14630.0
10N,16357.704918032787,2458.8950048362667,3440.0,17600.0,16700.0,17000.0,17200.0,17500.0,17540.0
20N,14883.134328358208,1677.4369056961837,5450.0,15600.0,15200.0,15300.0,15400.0,15500.0,15600.0
30N,13820.277777777777,2386.7692656364043,1320.0,15100.0,14200.0,14400.0,14600.0,14900.0,15029.0
