Nodes,Mean,Std,Min,Max,25%,50%,75%,95%,99%,
5N,4606.064814814815,408.9371083310955,1860.0,4770.0,4680.0,4695.0,4730.0,4750.0,4770.0
10N,4851.3725490196075,404.7234395163728,2820.0,5010.0,4900.0,4935.0,4970.0,4990.0,5010.0
20N,4595.462962962963,192.3290990536999,2750.0,4700.0,4600.0,4620.0,4650.0,4680.0,4700.0
30N,4035.081300813008,250.54021937897363,2240.0,4190.0,4040.0,4100.0,4130.0,4170.0,4190.0
40N,1689.5390070921985,438.45133591334724,1010.0,2850.0,1340.0,1620.0,1940.0,2591.0000000000014,2724.000000000001
50N,1281.6666666666667,354.62075849129474,1010.0,2190.0,1040.0,1185.0,1222.5,1960.4999999999995,2144.0999999999995
50N-200ms,2810.3107344632767,220.6035104804233,1370.0,3310.0,2780.0,2850.0,2890.0,2970.0,3020.0
