Nodes,Mean,Std,Min,Max,25%,50%,75%,95%,99%,
5N,0.2177777777777778,0.046915033244024774,0.202,0.574,0.207,0.20850000000000002,0.211,0.24820000000000011,0.40786000000000144
10N,0.5085483870967742,0.1438396964542279,0.475,1.6,0.48224999999999996,0.48500000000000004,0.488,0.5575499999999998,1.0345300000000006
20N,0.9734927536231885,0.278166667305159,0.897,3.17,0.923,0.928,0.933,1.0351999999999992,2.0071999999999885
30N,1.8308108108108108,0.2908879026984792,1.5399999999999998,4.12,1.7525,1.7799999999999998,1.81,1.9319999999999993,2.9519999999999937
